{
    "ALL": {
        "performance_sw": -1.026520512661491,
        "performance_fw": -1.6237517416935257,
        "val_loss": 2.3326826632765045,
        "annual_return_2020_2021": -0.02116574634919499,
        "annual_volatility_2020_2021": 0.020632005816847706,
        "sharpe_ratio_2020_2021": -1.026520512661491,
        "downside_risk_2020_2021": 0.018643562243206895,
        "sortino_ratio_2020_2021": -1.1360048531531237,
        "max_drawdown_2020_2021": 0.037692924700361036,
        "calmar_ratio_2020_2021": -0.5615310172254226,
        "perc_pos_return_2020_2021": 0.5346153846153846,
        "profit_loss_ratio_2020_2021": 0.6631510632390392,
        "sharpe_ratio_2020": -1.0132090424336633,
        "annual_return_2020_2021_0_5_bps": -0.024987377152310253,
        "annual_volatility_2020_2021_0_5_bps": 0.020632305373697035,
        "sharpe_ratio_2020_2021_0_5_bps": -1.2160887667683857,
        "downside_risk_2020_2021_0_5_bps": 0.018718280941940727,
        "sortino_ratio_2020_2021_0_5_bps": -1.3404390539554825,
        "max_drawdown_2020_2021_0_5_bps": 0.038745868401187156,
        "calmar_ratio_2020_2021_0_5_bps": -0.6449043003394047,
        "perc_pos_return_2020_2021_0_5_bps": 0.5269230769230769,
        "profit_loss_ratio_2020_2021_0_5_bps": 0.6496673698793534,
        "sharpe_ratio_2020_0_5_bps": -1.208278629869402,
        "annual_return_2020_2021_1_0_bps": -0.028794156231734203,
        "annual_volatility_2020_2021_1_0_bps": 0.02063310421358306,
        "sharpe_ratio_2020_2021_1_0_bps": -1.4056175021661534,
        "downside_risk_2020_2021_1_0_bps": 0.0187945521335045,
        "sortino_ratio_2020_2021_1_0_bps": -1.543120165919202,
        "max_drawdown_2020_2021_1_0_bps": 0.03979767906115325,
        "calmar_ratio_2020_2021_1_0_bps": -0.7235134538245057,
        "perc_pos_return_2020_2021_1_0_bps": 0.5115384615384615,
        "profit_loss_ratio_2020_2021_1_0_bps": 0.6561558774608801,
        "sharpe_ratio_2020_1_0_bps": -1.4033084971999865,
        "annual_return_2020_2021_1_5_bps": -0.03258614103703006,
        "annual_volatility_2020_2021_1_5_bps": 0.020634402278518087,
        "sharpe_ratio_2020_2021_1_5_bps": -1.5950929700560696,
        "downside_risk_2020_2021_1_5_bps": 0.018872420491090384,
        "sortino_ratio_2020_2021_1_5_bps": -1.7440152963586013,
        "max_drawdown_2020_2021_1_5_bps": 0.04084835787900078,
        "calmar_ratio_2020_2021_1_5_bps": -0.7977344189344233,
        "perc_pos_return_2020_2021_1_5_bps": 0.5076923076923077,
        "profit_loss_ratio_2020_2021_1_5_bps": 0.6325733097904033,
        "sharpe_ratio_2020_1_5_bps": -1.5982840531121434,
        "annual_return_2020_2021_2_0_bps": -0.036363388796574636,
        "annual_volatility_2020_2021_2_0_bps": 0.02063619947429486,
        "sharpe_ratio_2020_2021_2_0_bps": -1.7845014374273034,
        "downside_risk_2020_2021_2_0_bps": 0.018951885902255786,
        "sortino_ratio_2020_2021_2_0_bps": -1.9430956800205585,
        "max_drawdown_2020_2021_2_0_bps": 0.04189790605222844,
        "calmar_ratio_2020_2021_2_0_bps": -0.8679046812326451,
        "perc_pos_return_2020_2021_2_0_bps": 0.49615384615384617,
        "profit_loss_ratio_2020_2021_2_0_bps": 0.6286310512272165,
        "sharpe_ratio_2020_2_0_bps": -1.7931907228175012,
        "annual_return_2020_2021_2_5_bps": -0.04012595651839901,
        "annual_volatility_2020_2021_2_5_bps": 0.02063849567052076,
        "sharpe_ratio_2020_2021_2_5_bps": -1.9738291920299846,
        "downside_risk_2020_2021_2_5_bps": 0.01903297480860011,
        "sortino_ratio_2020_2021_2_5_bps": -2.1403309594909588,
        "max_drawdown_2020_2021_2_5_bps": 0.0429463247770867,
        "calmar_ratio_2020_2021_2_5_bps": -0.9343280647802381,
        "perc_pos_return_2020_2021_2_5_bps": 0.4846153846153846,
        "profit_loss_ratio_2020_2021_2_5_bps": 0.6246116259012646,
        "sharpe_ratio_2020_2_5_bps": -1.988013953496192,
        "annual_return_2020_2021_3_0_bps": -0.04387390099102606,
        "annual_volatility_2020_2021_3_0_bps": 0.02064129070066508,
        "sharpe_ratio_2020_2021_3_0_bps": -2.163062547332,
        "downside_risk_2020_2021_3_0_bps": 0.019115722063009086,
        "sortino_ratio_2020_2021_3_0_bps": -2.335690103467252,
        "max_drawdown_2020_2021_3_0_bps": 0.045237564433797235,
        "calmar_ratio_2020_2021_3_0_bps": -0.9698555070362636,
        "perc_pos_return_2020_2021_3_0_bps": 0.4807692307692308,
        "profit_loss_ratio_2020_2021_3_0_bps": 0.6016353404662956,
        "sharpe_ratio_2020_3_0_bps": -2.182739219722707
    },
    "COMB": {
        "annual_return_2020_2021": -0.02116574634919499,
        "annual_volatility_2020_2021": 0.020632005816847706,
        "sharpe_ratio_2020_2021": -1.026520512661491,
        "downside_risk_2020_2021": 0.018643562243206895,
        "sortino_ratio_2020_2021": -1.1360048531531237,
        "max_drawdown_2020_2021": 0.037692924700361036,
        "calmar_ratio_2020_2021": -0.5615310172254226,
        "perc_pos_return_2020_2021": 0.5346153846153846,
        "profit_loss_ratio_2020_2021": 0.6631510632390392,
        "sharpe_ratio_2020": -1.0132090424336633,
        "annual_return_2020_2021_0_5_bps": -0.024987377152310253,
        "annual_volatility_2020_2021_0_5_bps": 0.020632305373697035,
        "sharpe_ratio_2020_2021_0_5_bps": -1.2160887667683857,
        "downside_risk_2020_2021_0_5_bps": 0.018718280941940727,
        "sortino_ratio_2020_2021_0_5_bps": -1.3404390539554825,
        "max_drawdown_2020_2021_0_5_bps": 0.038745868401187156,
        "calmar_ratio_2020_2021_0_5_bps": -0.6449043003394047,
        "perc_pos_return_2020_2021_0_5_bps": 0.5269230769230769,
        "profit_loss_ratio_2020_2021_0_5_bps": 0.6496673698793534,
        "sharpe_ratio_2020_0_5_bps": -1.208278629869402,
        "annual_return_2020_2021_1_0_bps": -0.028794156231734203,
        "annual_volatility_2020_2021_1_0_bps": 0.02063310421358306,
        "sharpe_ratio_2020_2021_1_0_bps": -1.4056175021661534,
        "downside_risk_2020_2021_1_0_bps": 0.0187945521335045,
        "sortino_ratio_2020_2021_1_0_bps": -1.543120165919202,
        "max_drawdown_2020_2021_1_0_bps": 0.03979767906115325,
        "calmar_ratio_2020_2021_1_0_bps": -0.7235134538245057,
        "perc_pos_return_2020_2021_1_0_bps": 0.5115384615384615,
        "profit_loss_ratio_2020_2021_1_0_bps": 0.6561558774608801,
        "sharpe_ratio_2020_1_0_bps": -1.4033084971999865,
        "annual_return_2020_2021_1_5_bps": -0.03258614103703006,
        "annual_volatility_2020_2021_1_5_bps": 0.020634402278518087,
        "sharpe_ratio_2020_2021_1_5_bps": -1.5950929700560696,
        "downside_risk_2020_2021_1_5_bps": 0.018872420491090384,
        "sortino_ratio_2020_2021_1_5_bps": -1.7440152963586013,
        "max_drawdown_2020_2021_1_5_bps": 0.04084835787900078,
        "calmar_ratio_2020_2021_1_5_bps": -0.7977344189344233,
        "perc_pos_return_2020_2021_1_5_bps": 0.5076923076923077,
        "profit_loss_ratio_2020_2021_1_5_bps": 0.6325733097904033,
        "sharpe_ratio_2020_1_5_bps": -1.5982840531121434,
        "annual_return_2020_2021_2_0_bps": -0.036363388796574636,
        "annual_volatility_2020_2021_2_0_bps": 0.02063619947429486,
        "sharpe_ratio_2020_2021_2_0_bps": -1.7845014374273034,
        "downside_risk_2020_2021_2_0_bps": 0.018951885902255786,
        "sortino_ratio_2020_2021_2_0_bps": -1.9430956800205585,
        "max_drawdown_2020_2021_2_0_bps": 0.04189790605222844,
        "calmar_ratio_2020_2021_2_0_bps": -0.8679046812326451,
        "perc_pos_return_2020_2021_2_0_bps": 0.49615384615384617,
        "profit_loss_ratio_2020_2021_2_0_bps": 0.6286310512272165,
        "sharpe_ratio_2020_2_0_bps": -1.7931907228175012,
        "annual_return_2020_2021_2_5_bps": -0.04012595651839901,
        "annual_volatility_2020_2021_2_5_bps": 0.02063849567052076,
        "sharpe_ratio_2020_2021_2_5_bps": -1.9738291920299846,
        "downside_risk_2020_2021_2_5_bps": 0.01903297480860011,