{
    "ALL": {
        "performance_sw": 1.1068195230740356,
        "performance_fw": 1.2851353970214818,
        "val_loss": 2.315472274509024,
        "annual_return_2019_2020": 0.010521524760372936,
        "annual_volatility_2019_2020": 0.009497214264514574,
        "sharpe_ratio_2019_2020": 1.1068195230740354,
        "downside_risk_2019_2020": 0.006495842463112466,
        "sortino_ratio_2019_2020": 1.6182199957086538,
        "max_drawdown_2019_2020": 0.00707052609155014,
        "calmar_ratio_2019_2020": 1.4880823045044729,
        "perc_pos_return_2019_2020": 0.5538461538461539,
        "profit_loss_ratio_2019_2020": 0.9716364636664182,
        "sharpe_ratio_2019": 0.7535104096190512,
        "annual_return_2019_2020_0_5_bps": 0.006686045415523978,
        "annual_volatility_2019_2020_0_5_bps": 0.00949830603559161,
        "sharpe_ratio_2019_2020_0_5_bps": 0.7063173296118921,
        "downside_risk_2019_2020_0_5_bps": 0.006618949731509988,
        "sortino_ratio_2019_2020_0_5_bps": 1.0135774446144785,
        "max_drawdown_2019_2020_0_5_bps": 0.009064063529099399,
        "calmar_ratio_2019_2020_0_5_bps": 0.7376432649726034,
        "perc_pos_return_2019_2020_0_5_bps": 0.5461538461538461,
        "profit_loss_ratio_2019_2020_0_5_bps": 0.9368030135104083,
        "sharpe_ratio_2019_0_5_bps": 0.36577956387437405,
        "annual_return_2019_2020_1_0_bps": 0.0028650585023328734,
        "annual_volatility_2019_2020_1_0_bps": 0.009500214441743713,
        "sharpe_ratio_2019_2020_1_0_bps": 0.30588090035532395,
        "downside_risk_2019_2020_1_0_bps": 0.006744107728023355,
        "sortino_ratio_2019_2020_1_0_bps": 0.4308848945182737,
        "max_drawdown_2019_2020_1_0_bps": 0.01109277318659774,
        "calmar_ratio_2019_2020_1_0_bps": 0.25828153646866503,
        "perc_pos_return_2019_2020_1_0_bps": 0.5384615384615384,
        "profit_loss_ratio_2019_2020_1_0_bps": 0.9029192832773167,
        "sharpe_ratio_2019_1_0_bps": -0.02221243469224703,
        "annual_return_2019_2020_1_5_bps": -0.0009414904926654533,
        "annual_volatility_2019_2020_1_5_bps": 0.009502938990974241,
        "sharpe_ratio_2019_2020_1_5_bps": -0.09438657469326626,
        "downside_risk_2019_2020_1_5_bps": 0.006871314786214807,
        "sortino_ratio_2019_2020_1_5_bps": -0.13053540534580055,
        "max_drawdown_2019_2020_1_5_bps": 0.013185576498411367,
        "calmar_ratio_2019_2020_1_5_bps": -0.07140305869666651,
        "perc_pos_return_2019_2020_1_5_bps": 0.5192307692307693,
        "profit_loss_ratio_2019_2020_1_5_bps": 0.9111467809066318,
        "sharpe_ratio_2019_1_5_bps": -0.41037860168657214,
        "annual_return_2019_2020_2_0_bps": -0.0047336558788037,
        "annual_volatility_2019_2020_2_0_bps": 0.009506478981565368,
        "sharpe_ratio_2019_2020_2_0_bps": -0.49438218691455166,
        "downside_risk_2019_2020_2_0_bps": 0.00700061895565317,
        "sortino_ratio_2019_2020_2_0_bps": -0.6713454765265113,
        "max_drawdown_2019_2020_2_0_bps": 0.015273983295111843,
        "calmar_ratio_2019_2020_2_0_bps": -0.3099162665916113,
        "perc_pos_return_2019_2020_2_0_bps": 0.5076923076923077,
        "profit_loss_ratio_2019_2020_2_0_bps": 0.8911875061522296,
        "sharpe_ratio_2019_2_0_bps": -0.7986317168612934,
        "annual_return_2019_2020_2_5_bps": -0.008511491762051793,
        "annual_volatility_2019_2020_2_5_bps": 0.009510833502980301,
        "sharpe_ratio_2019_2020_2_5_bps": -0.8940034408115193,
        "downside_risk_2019_2020_2_5_bps": 0.007132123949564074,
        "sortino_ratio_2019_2020_2_5_bps": -1.1921719163573374,
        "max_drawdown_2019_2020_2_5_bps": 0.017358002744696566,
        "calmar_ratio_2019_2020_2_5_bps": -0.4903497186421595,
        "perc_pos_return_2019_2020_2_5_bps": 0.48846153846153845,
        "profit_loss_ratio_2019_2020_2_5_bps": 0.8987641463440292,
        "sharpe_ratio_2019_2_5_bps": -1.186884421893226,
        "annual_return_2019_2020_3_0_bps": -0.012275052045771506,
        "annual_volatility_2019_2020_3_0_bps": 0.009516001437031412,
        "sharpe_ratio_2019_2020_3_0_bps": -1.293148384430578,
        "downside_risk_2019_2020_3_0_bps": 0.007265912206461851,
        "sortino_ratio_2019_2020_3_0_bps": -1.6936072904366215,
        "max_drawdown_2019_2020_3_0_bps": 0.019437643996191772,
        "calmar_ratio_2019_2020_3_0_bps": -0.6315092532910077,
        "perc_pos_return_2019_2020_3_0_bps": 0.4846153846153846,
        "profit_loss_ratio_2019_2020_3_0_bps": 0.8522416624110365,
        "sharpe_ratio_2019_3_0_bps": -1.5750493185677341
    },
    "COMB": {
        "annual_return_2019_2020": 0.010521524760372936,
        "annual_volatility_2019_2020": 0.009497214264514574,
        "sharpe_ratio_2019_2020": 1.1068195230740354,
        "downside_risk_2019_2020": 0.006495842463112466,
        "sortino_ratio_2019_2020": 1.6182199957086538,
        "max_drawdown_2019_2020": 0.00707052609155014,
        "calmar_ratio_2019_2020": 1.4880823045044729,
        "perc_pos_return_2019_2020": 0.5538461538461539,
        "profit_loss_ratio_2019_2020": 0.9716364636664182,
        "sharpe_ratio_2019": 0.7535104096190512,
        "annual_return_2019_2020_0_5_bps": 0.006686045415523978,
        "annual_volatility_2019_2020_0_5_bps": 0.00949830603559161,
        "sharpe_ratio_2019_2020_0_5_bps": 0.7063173296118921,
        "downside_risk_2019_2020_0_5_bps": 0.006618949731509988,
        "sortino_ratio_2019_2020_0_5_bps": 1.0135774446144785,
        "max_drawdown_2019_2020_0_5_bps": 0.009064063529099399,
        "calmar_ratio_2019_2020_0_5_bps": 0.7376432649726034,
        "perc_pos_return_2019_2020_0_5_bps": 0.5461538461538461,
        "profit_loss_ratio_2019_2020_0_5_bps": 0.9368030135104083,
        "sharpe_ratio_2019_0_5_bps": 0.36577956387437405,
        "annual_return_2019_2020_1_0_bps": 0.0028650585023328734,
        "annual_volatility_2019_2020_1_0_bps": 0.009500214441743713,
        "sharpe_ratio_2019_2020_1_0_bps": 0.30588090035532395,
        "downside_risk_2019_2020_1_0_bps": 0.006744107728023355,
        "sortino_ratio_2019_2020_1_0_bps": 0.4308848945182737,
        "max_drawdown_2019_2020_1_0_bps": 0.01109277318659774,
        "calmar_ratio_2019_2020_1_0_bps": 0.25828153646866503,
        "perc_pos_return_2019_2020_1_0_bps": 0.5384615384615384,
        "profit_loss_ratio_2019_2020_1_0_bps": 0.9029192832773167,
        "sharpe_ratio_2019_1_0_bps": -0.02221243469224703,
        "annual_return_2019_2020_1_5_bps": -0.0009414904926654533,
        "annual_volatility_2019_2020_1_5_bps": 0.009502938990974241,
        "sharpe_ratio_2019_2020_1_5_bps": -0.09438657469326626,
        "downside_risk_2019_2020_1_5_bps": 0.006871314786214807,
        "sortino_ratio_2019_2020_1_5_bps": -0.13053540534580055,
        "max_drawdown_2019_2020_1_5_bps": 0.013185576498411367,
        "calmar_ratio_2019_2020_1_5_bps": -0.07140305869666651,
        "perc_pos_return_2019_2020_1_5_bps": 0.5192307692307693,
        "profit_loss_ratio_2019_2020_1_5_bps": 0.9111467809066318,
        "sharpe_ratio_2019_1_5_bps": -0.41037860168657214,
        "annual_return_2019_2020_2_0_bps": -0.0047336558788037,
        "annual_volatility_2019_2020_2_0_bps": 0.009506478981565368,
        "sharpe_ratio_2019_2020_2_0_bps": -0.49438218691455166,
        "downside_risk_2019_2020_2_0_bps": 0.00700061895565317,
        "sortino_ratio_2019_2020_2_0_bps": -0.6713454765265113,
        "max_drawdown_2019_2020_2_0_bps": 0.015273983295111843,
        "calmar_ratio_2019_2020_2_0_bps": -0.3099162665916113,
        "perc_pos_return_2019_2020_2_0_bps": 0.5076923076923077,
        "profit_loss_ratio_2019_2020_2_0_bps": 0.8911875061522296,
        "sharpe_ratio_2019_2_0_bps": -0.7986317168612934,
        "annual_return_2019_2020_2_5_bps": -0.008511491762051793,
        "annual_volatility_2019_2020_2_5_bps": 0.009510833502980301,
        "sharpe_ratio_2019_2020_2_5_bps": -0.8940034408115193,
        "downside_risk_2019_2020_2_5_bps": 0.007132123949564074,