{
    "ALL": {
        "performance_sw": -0.40807608873746226,
        "performance_fw": -0.17031351546655668,
        "val_loss": 1.707717744778254,
        "annual_return_2016_2017": -0.005400406243505018,
        "annual_volatility_2016_2017": 0.013061452799504849,
        "sharpe_ratio_2016_2017": -0.4080760887374626,
        "downside_risk_2016_2017": 0.00874234160274695,
        "sortino_ratio_2016_2017": -0.6096840885256815,
        "max_drawdown_2016_2017": 0.021785372754995178,
        "calmar_ratio_2016_2017": -0.24789138585047882,
        "perc_pos_return_2016_2017": 0.4671814671814672,
        "profit_loss_ratio_2016_2017": 1.0576543490517825,
        "sharpe_ratio_2016": -0.304680796672527,
        "annual_return_2016_2017_0_5_bps": -0.00850952906798852,
        "annual_volatility_2016_2017_0_5_bps": 0.013060651719306728,
        "sharpe_ratio_2016_2017_0_5_bps": -0.6478152835949561,
        "downside_risk_2016_2017_0_5_bps": 0.008849563509357958,
        "sortino_ratio_2016_2017_0_5_bps": -0.9560799002719943,
        "max_drawdown_2016_2017_0_5_bps": 0.023013313342843778,
        "calmar_ratio_2016_2017_0_5_bps": -0.3697654892720888,
        "perc_pos_return_2016_2017_0_5_bps": 0.4594594594594595,
        "profit_loss_ratio_2016_2017_0_5_bps": 1.043844852105085,
        "sharpe_ratio_2016_0_5_bps": -0.5462355911756607,
        "annual_return_2016_2017_1_0_bps": -0.01160897447040421,
        "annual_volatility_2016_2017_1_0_bps": 0.013060104266418212,
        "sharpe_ratio_2016_2017_1_0_bps": -0.8875666523666611,
        "downside_risk_2016_2017_1_0_bps": 0.008958067836391238,
        "sortino_ratio_2016_2017_1_0_bps": -1.293997013085144,
        "max_drawdown_2016_2017_1_0_bps": 0.02423972885155536,
        "calmar_ratio_2016_2017_1_0_bps": -0.4789234459468515,
        "perc_pos_return_2016_2017_1_0_bps": 0.4517374517374517,
        "profit_loss_ratio_2016_2017_1_0_bps": 1.030424145310203,
        "sharpe_ratio_2016_1_0_bps": -0.7878218404382576,
        "annual_return_2016_2017_1_5_bps": -0.01469877244283957,
        "annual_volatility_2016_2017_1_5_bps": 0.013059810472734638,
        "sharpe_ratio_2016_2017_1_5_bps": -1.1273162255966707,
        "downside_risk_2016_2017_1_5_bps": 0.00906785756969968,
        "sortino_ratio_2016_2017_1_5_bps": -1.623595886455755,
        "max_drawdown_2016_2017_1_5_bps": 0.025464621154977225,
        "calmar_ratio_2016_2017_1_5_bps": -0.5772232916163608,
        "perc_pos_return_2016_2017_1_5_bps": 0.4362934362934363,
        "profit_loss_ratio_2016_2017_1_5_bps": 1.0497544714518952,
        "sharpe_ratio_2016_1_5_bps": -1.0294262720415885,
        "annual_return_2016_2017_2_0_bps": -0.017778952884832444,
        "annual_volatility_2016_2017_2_0_bps": 0.013059770355375014,
        "sharpe_ratio_2016_2017_2_0_bps": -1.367050031443309,
        "downside_risk_2016_2017_2_0_bps": 0.00917896237003892,
        "sortino_ratio_2016_2017_2_0_bps": -1.9450302501765357,
        "max_drawdown_2016_2017_2_0_bps": 0.02685827044017678,
        "calmar_ratio_2016_2017_2_0_bps": -0.6619544964532506,
        "perc_pos_return_2016_2017_2_0_bps": 0.41312741312741313,
        "profit_loss_ratio_2016_2017_2_0_bps": 1.1048705748067866,
        "sharpe_ratio_2016_2_0_bps": -1.2710356051915936,
        "annual_return_2016_2017_2_5_bps": -0.020849545603665365,
        "annual_volatility_2016_2017_2_5_bps": 0.013059983916677061,
        "sharpe_ratio_2016_2017_2_5_bps": -1.6067540997495868,
        "downside_risk_2016_2017_2_5_bps": 0.009291446740428802,
        "sortino_ratio_2016_2017_2_5_bps": -2.258440831337759,
        "max_drawdown_2016_2017_2_5_bps": 0.02840223397865652,
        "calmar_ratio_2016_2017_2_5_bps": -0.7340811859846381,
        "perc_pos_return_2016_2017_2_5_bps": 0.4092664092664093,
        "profit_loss_ratio_2016_2017_2_5_bps": 1.0749347881756925,
        "sharpe_ratio_2016_2_5_bps": -1.5126365543660978,
        "annual_return_2016_2017_3_0_bps": -0.02391058031463056,
        "annual_volatility_2016_2017_3_0_bps": 0.013060451144196503,
        "sharpe_ratio_2016_2017_3_0_bps": -1.846414466113364,
        "downside_risk_2016_2017_3_0_bps": 0.009405286018996987,
        "sortino_ratio_2016_2017_3_0_bps": -2.5639843251872705,
        "max_drawdown_2016_2017_3_0_bps": 0.02994376861254232,
        "calmar_ratio_2016_2017_3_0_bps": -0.7985160660310243,
        "perc_pos_return_2016_2017_3_0_bps": 0.40540540540540543,
        "profit_loss_ratio_2016_2017_3_0_bps": 1.0459889293642308,
        "sharpe_ratio_2016_3_0_bps": -1.7542158329659796
    },
    "COMB": {
        "annual_return_2016_2017": -0.005400406243505018,
        "annual_volatility_2016_2017": 0.013061452799504849,
        "sharpe_ratio_2016_2017": -0.4080760887374626,
        "downside_risk_2016_2017": 0.00874234160274695,
        "sortino_ratio_2016_2017": -0.6096840885256815,
        "max_drawdown_2016_2017": 0.021785372754995178,
        "calmar_ratio_2016_2017": -0.24789138585047882,
        "perc_pos_return_2016_2017": 0.4671814671814672,
        "profit_loss_ratio_2016_2017": 1.0576543490517825,
        "sharpe_ratio_2016": -0.304680796672527,
        "annual_return_2016_2017_0_5_bps": -0.00850952906798852,
        "annual_volatility_2016_2017_0_5_bps": 0.013060651719306728,
        "sharpe_ratio_2016_2017_0_5_bps": -0.6478152835949561,
        "downside_risk_2016_2017_0_5_bps": 0.008849563509357958,
        "sortino_ratio_2016_2017_0_5_bps": -0.9560799002719943,
        "max_drawdown_2016_2017_0_5_bps": 0.023013313342843778,
        "calmar_ratio_2016_2017_0_5_bps": -0.3697654892720888,
        "perc_pos_return_2016_2017_0_5_bps": 0.4594594594594595,
        "profit_loss_ratio_2016_2017_0_5_bps": 1.043844852105085,
        "sharpe_ratio_2016_0_5_bps": -0.5462355911756607,
        "annual_return_2016_2017_1_0_bps": -0.01160897447040421,
        "annual_volatility_2016_2017_1_0_bps": 0.013060104266418212,
        "sharpe_ratio_2016_2017_1_0_bps": -0.8875666523666611,
        "downside_risk_2016_2017_1_0_bps": 0.008958067836391238,
        "sortino_ratio_2016_2017_1_0_bps": -1.293997013085144,
        "max_drawdown_2016_2017_1_0_bps": 0.02423972885155536,
        "calmar_ratio_2016_2017_1_0_bps": -0.4789234459468515,
        "perc_pos_return_2016_2017_1_0_bps": 0.4517374517374517,
        "profit_loss_ratio_2016_2017_1_0_bps": 1.030424145310203,
        "sharpe_ratio_2016_1_0_bps": -0.7878218404382576,
        "annual_return_2016_2017_1_5_bps": -0.01469877244283957,
        "annual_volatility_2016_2017_1_5_bps": 0.013059810472734638,
        "sharpe_ratio_2016_2017_1_5_bps": -1.1273162255966707,
        "downside_risk_2016_2017_1_5_bps": 0.00906785756969968,
        "sortino_ratio_2016_2017_1_5_bps": -1.623595886455755,
        "max_drawdown_2016_2017_1_5_bps": 0.025464621154977225,
        "calmar_ratio_2016_2017_1_5_bps": -0.5772232916163608,
        "perc_pos_return_2016_2017_1_5_bps": 0.4362934362934363,
        "profit_loss_ratio_2016_2017_1_5_bps": 1.0497544714518952,
        "sharpe_ratio_2016_1_5_bps": -1.0294262720415885,
        "annual_return_2016_2017_2_0_bps": -0.017778952884832444,
        "annual_volatility_2016_2017_2_0_bps": 0.013059770355375014,
        "sharpe_ratio_2016_2017_2_0_bps": -1.367050031443309,
        "downside_risk_2016_2017_2_0_bps": 0.00917896237003892,
        "sortino_ratio_2016_2017_2_0_bps": -1.9450302501765357,
        "max_drawdown_2016_2017_2_0_bps": 0.02685827044017678,
        "calmar_ratio_2016_2017_2_0_bps": -0.6619544964532506,
        "perc_pos_return_2016_2017_2_0_bps": 0.41312741312741313,
        "profit_loss_ratio_2016_2017_2_0_bps": 1.1048705748067866,
        "sharpe_ratio_2016_2_0_bps": -1.2710356051915936,
        "annual_return_2016_2017_2_5_bps": -0.020849545603665365,
        "annual_volatility_2016_2017_2_5_bps": 0.013059983916677061,
        "sharpe_ratio_2016_2017_2_5_bps": -1.6067540997495868,
        "downside_risk_2016_2017_2_5_bps": 0.009291446740428802,