{
    "ALL": {
        "performance_sw": 2.2098374988486422,
        "performance_fw": 2.043893295391239,
        "val_loss": 0.5435569655281027,
        "annual_return_2017_2018": 0.02242557182363658,
        "annual_volatility_2017_2018": 0.010059192424983706,
        "sharpe_ratio_2017_2018": 2.209837498848642,
        "downside_risk_2017_2018": 0.006176344226074325,
        "sortino_ratio_2017_2018": 3.5990838293985483,
        "max_drawdown_2017_2018": 0.0063184675725680905,
        "calmar_ratio_2017_2018": 3.5492105587434213,
        "perc_pos_return_2017_2018": 0.5736434108527132,
        "profit_loss_ratio_2017_2018": 1.0854603978791408,
        "sharpe_ratio_2017": 2.1623474630077055,
        "annual_return_2017_2018_0_5_bps": 0.01863438152790553,
        "annual_volatility_2017_2018_0_5_bps": 0.010065838907243914,
        "sharpe_ratio_2017_2018_0_5_bps": 1.8392924150483088,
        "downside_risk_2017_2018_0_5_bps": 0.006297767536608525,
        "sortino_ratio_2017_2018_0_5_bps": 2.939775252987833,
        "max_drawdown_2017_2018_0_5_bps": 0.006816473608721746,
        "calmar_ratio_2017_2018_0_5_bps": 2.7337275250450106,
        "perc_pos_return_2017_2018_0_5_bps": 0.5426356589147286,
        "profit_loss_ratio_2017_2018_0_5_bps": 1.1552709545327828,
        "sharpe_ratio_2017_0_5_bps": 1.7984663797017817,
        "annual_return_2017_2018_1_0_bps": 0.014857189028906204,
        "annual_volatility_2017_2018_1_0_bps": 0.010072921950767165,
        "sharpe_ratio_2017_2018_1_0_bps": 1.4691726740117834,
        "downside_risk_2017_2018_1_0_bps": 0.006421284419089696,
        "sortino_ratio_2017_2018_1_0_bps": 2.304657559401258,
        "max_drawdown_2017_2018_1_0_bps": 0.00731423982687434,
        "calmar_ratio_2017_2018_1_0_bps": 2.0312690560565416,
        "perc_pos_return_2017_2018_1_0_bps": 0.5348837209302325,
        "profit_loss_ratio_2017_2018_1_0_bps": 1.1184929283170177,
        "sharpe_ratio_2017_1_0_bps": 1.4347970275286204,
        "annual_return_2017_2018_1_5_bps": 0.011093942865774364,
        "annual_volatility_2017_2018_1_5_bps": 0.010080440635301335,
        "sharpe_ratio_2017_2018_1_5_bps": 1.0995255666735986,
        "downside_risk_2017_2018_1_5_bps": 0.006546924885024048,
        "sortino_ratio_2017_2018_1_5_bps": 1.6929630928259163,
        "max_drawdown_2017_2018_1_5_bps": 0.007811766337827029,
        "calmar_ratio_2017_2018_1_5_bps": 1.420158052098154,
        "perc_pos_return_2017_2018_1_5_bps": 0.5193798449612403,
        "profit_loss_ratio_2017_2018_1_5_bps": 1.1170956524761744,
        "sharpe_ratio_2017_1_5_bps": 1.0713809951599274,
        "annual_return_2017_2018_2_0_bps": 0.007344591766016428,
        "annual_volatility_2017_2018_2_0_bps": 0.010088393986822066,
        "sharpe_ratio_2017_2018_2_0_bps": 0.730397993556071,
        "downside_risk_2017_2018_2_0_bps": 0.006674744456004644,
        "sortino_ratio_2017_2018_2_0_bps": 1.1039437951140105,
        "max_drawdown_2017_2018_2_0_bps": 0.008309053252330273,
        "calmar_ratio_2017_2018_2_0_bps": 0.8839264285563025,
        "perc_pos_return_2017_2018_2_0_bps": 0.5155038759689923,
        "profit_loss_ratio_2017_2018_2_0_bps": 1.064968792682491,
        "sharpe_ratio_2017_2_0_bps": 0.7082596781420277,
        "annual_return_2017_2018_2_5_bps": 0.0036090846448315617,
        "annual_volatility_2017_2018_2_5_bps": 0.010096780978152722,
        "sharpe_ratio_2017_2018_2_5_bps": 0.3618364366238903,
        "downside_risk_2017_2018_2_5_bps": 0.006804731804776909,
        "sortino_ratio_2017_2018_2_5_bps": 0.53688864680045,
        "max_drawdown_2017_2018_2_5_bps": 0.008806100681086077,
        "calmar_ratio_2017_2018_2_5_bps": 0.409839130340995,
        "perc_pos_return_2017_2018_2_5_bps": 0.5038759689922481,
        "profit_loss_ratio_2017_2018_2_5_bps": 1.047453515701376,
        "sharpe_ratio_2017_2_5_bps": 0.34547425581420466,
        "annual_return_2017_2018_3_0_bps": -0.00011262939557521445,
        "annual_volatility_2017_2018_3_0_bps": 0.010105600529614825,
        "sharpe_ratio_2017_2018_3_0_bps": -0.006113068192594291,
        "downside_risk_2017_2018_3_0_bps": 0.006936843587933883,
        "sortino_ratio_2017_2018_3_0_bps": -0.008905523727262282,
        "max_drawdown_2017_2018_3_0_bps": 0.009302908734749647,
        "calmar_ratio_2017_2018_3_0_bps": -0.012106901054989813,
        "perc_pos_return_2017_2018_3_0_bps": 0.49224806201550386,
        "profit_loss_ratio_2017_2018_3_0_bps": 1.0304191663071325,
        "sharpe_ratio_2017_3_0_bps": -0.016934331459782175
    },
    "COMB": {
        "annual_return_2017_2018": 0.02242557182363658,
        "annual_volatility_2017_2018": 0.010059192424983706,
        "sharpe_ratio_2017_2018": 2.209837498848642,
        "downside_risk_2017_2018": 0.006176344226074325,
        "sortino_ratio_2017_2018": 3.5990838293985483,
        "max_drawdown_2017_2018": 0.0063184675725680905,
        "calmar_ratio_2017_2018": 3.5492105587434213,
        "perc_pos_return_2017_2018": 0.5736434108527132,
        "profit_loss_ratio_2017_2018": 1.0854603978791408,
        "sharpe_ratio_2017": 2.1623474630077055,
        "annual_return_2017_2018_0_5_bps": 0.01863438152790553,
        "annual_volatility_2017_2018_0_5_bps": 0.010065838907243914,
        "sharpe_ratio_2017_2018_0_5_bps": 1.8392924150483088,
        "downside_risk_2017_2018_0_5_bps": 0.006297767536608525,
        "sortino_ratio_2017_2018_0_5_bps": 2.939775252987833,
        "max_drawdown_2017_2018_0_5_bps": 0.006816473608721746,
        "calmar_ratio_2017_2018_0_5_bps": 2.7337275250450106,
        "perc_pos_return_2017_2018_0_5_bps": 0.5426356589147286,
        "profit_loss_ratio_2017_2018_0_5_bps": 1.1552709545327828,
        "sharpe_ratio_2017_0_5_bps": 1.7984663797017817,
        "annual_return_2017_2018_1_0_bps": 0.014857189028906204,
        "annual_volatility_2017_2018_1_0_bps": 0.010072921950767165,
        "sharpe_ratio_2017_2018_1_0_bps": 1.4691726740117834,
        "downside_risk_2017_2018_1_0_bps": 0.006421284419089696,
        "sortino_ratio_2017_2018_1_0_bps": 2.304657559401258,
        "max_drawdown_2017_2018_1_0_bps": 0.00731423982687434,
        "calmar_ratio_2017_2018_1_0_bps": 2.0312690560565416,
        "perc_pos_return_2017_2018_1_0_bps": 0.5348837209302325,
        "profit_loss_ratio_2017_2018_1_0_bps": 1.1184929283170177,
        "sharpe_ratio_2017_1_0_bps": 1.4347970275286204,
        "annual_return_2017_2018_1_5_bps": 0.011093942865774364,
        "annual_volatility_2017_2018_1_5_bps": 0.010080440635301335,
        "sharpe_ratio_2017_2018_1_5_bps": 1.0995255666735986,
        "downside_risk_2017_2018_1_5_bps": 0.006546924885024048,
        "sortino_ratio_2017_2018_1_5_bps": 1.6929630928259163,
        "max_drawdown_2017_2018_1_5_bps": 0.007811766337827029,
        "calmar_ratio_2017_2018_1_5_bps": 1.420158052098154,
        "perc_pos_return_2017_2018_1_5_bps": 0.5193798449612403,
        "profit_loss_ratio_2017_2018_1_5_bps": 1.1170956524761744,
        "sharpe_ratio_2017_1_5_bps": 1.0713809951599274,
        "annual_return_2017_2018_2_0_bps": 0.007344591766016428,
        "annual_volatility_2017_2018_2_0_bps": 0.010088393986822066,
        "sharpe_ratio_2017_2018_2_0_bps": 0.730397993556071,
        "downside_risk_2017_2018_2_0_bps": 0.006674744456004644,
        "sortino_ratio_2017_2018_2_0_bps": 1.1039437951140105,
        "max_drawdown_2017_2018_2_0_bps": 0.008309053252330273,
        "calmar_ratio_2017_2018_2_0_bps": 0.8839264285563025,
        "perc_pos_return_2017_2018_2_0_bps": 0.5155038759689923,
        "profit_loss_ratio_2017_2018_2_0_bps": 1.064968792682491,
        "sharpe_ratio_2017_2_0_bps": 0.7082596781420277,
        "annual_return_2017_2018_2_5_bps": 0.0036090846448315617,
        "annual_volatility_2017_2018_2_5_bps": 0.010096780978152722,
        "sharpe_ratio_2017_2018_2_5_bps": 0.3618364366238903,
        "downside_risk_2017_2018_2_5_bps": 0.006804731804776909,
        "sortino_ratio_2017_2018_2_5_bps": 0.53688864680045,