{
    "ALL": {
        "performance_sw": 1.7002408050717133,
        "performance_fw": 1.9643730252677696,
        "val_loss": 1.6580601496017893,
        "annual_return_2018_2019": 0.022012490652407957,
        "annual_volatility_2018_2019": 0.012855207854460595,
        "sharpe_ratio_2018_2019": 1.700240805071713,
        "downside_risk_2018_2019": 0.008307912010588775,
        "sortino_ratio_2018_2019": 2.6308594655281263,
        "max_drawdown_2018_2019": 0.007662982285902662,
        "calmar_ratio_2018_2019": 2.872574910280507,
        "perc_pos_return_2018_2019": 0.573076923076923,
        "profit_loss_ratio_2018_2019": 0.9952793953121094,
        "sharpe_ratio_2018": 1.4841593228911736,
        "annual_return_2018_2019_0_5_bps": 0.018937687942766734,
        "annual_volatility_2018_2019_0_5_bps": 0.012848172982533174,
        "sharpe_ratio_2018_2019_0_5_bps": 1.4666292533372518,
        "downside_risk_2018_2019_0_5_bps": 0.00839948312462761,
        "sortino_ratio_2018_2019_0_5_bps": 2.2434126086723825,
        "max_drawdown_2018_2019_0_5_bps": 0.007959116211909237,
        "calmar_ratio_2018_2019_0_5_bps": 2.3793707038012895,
        "perc_pos_return_2018_2019_0_5_bps": 0.5538461538461539,
        "profit_loss_ratio_2018_2019_0_5_bps": 1.034340836077165,
        "sharpe_ratio_2018_0_5_bps": 1.26242716642591,
        "annual_return_2018_2019_1_0_bps": 0.01587209680509516,
        "annual_volatility_2018_2019_1_0_bps": 0.012841335183622057,
        "sharpe_ratio_2018_2019_1_0_bps": 1.2327428198119508,
        "downside_risk_2018_2019_1_0_bps": 0.008492013273566763,
        "sortino_ratio_2018_2019_1_0_bps": 1.8641119878702008,
        "max_drawdown_2018_2019_1_0_bps": 0.00844903038474524,
        "calmar_ratio_2018_2019_1_0_bps": 1.87857021247696,
        "perc_pos_return_2018_2019_1_0_bps": 0.5538461538461539,
        "profit_loss_ratio_2018_2019_1_0_bps": 0.9939888894905766,
        "sharpe_ratio_2018_1_0_bps": 1.0404720153362237,
        "annual_return_2018_2019_1_5_bps": 0.012815689760538485,
        "annual_volatility_2018_2019_1_5_bps": 0.012834694772704503,
        "sharpe_ratio_2018_2019_1_5_bps": 0.9985918144274006,
        "downside_risk_2018_2019_1_5_bps": 0.008585493905804945,
        "sortino_ratio_2018_2019_1_5_bps": 1.4928228103488734,
        "max_drawdown_2018_2019_1_5_bps": 0.009443419522420917,
        "calmar_ratio_2018_2019_1_5_bps": 1.357102660758743,
        "perc_pos_return_2018_2019_1_5_bps": 0.55,
        "profit_loss_ratio_2018_2019_1_5_bps": 0.9701284202282069,
        "sharpe_ratio_2018_1_5_bps": 0.8183017793602873,
        "annual_return_2018_2019_2_0_bps": 0.009768439411858898,
        "annual_volatility_2018_2019_2_0_bps": 0.012828252056308028,
        "sharpe_ratio_2018_2019_2_0_bps": 0.7641866166922211,
        "downside_risk_2018_2019_2_0_bps": 0.008679920109155139,
        "sortino_ratio_2018_2019_2_0_bps": 1.1294088440566596,
        "max_drawdown_2018_2019_2_0_bps": 0.010693202288238576,
        "calmar_ratio_2018_2019_2_0_bps": 0.9135186213210591,
        "perc_pos_return_2018_2019_2_0_bps": 0.55,
        "profit_loss_ratio_2018_2019_2_0_bps": 0.9321834317389701,
        "sharpe_ratio_2018_2_0_bps": 0.5959244141121328,
        "annual_return_2018_2019_2_5_bps": 0.006730318443204375,
        "annual_volatility_2018_2019_2_5_bps": 0.012822007332441291,
        "sharpe_ratio_2018_2019_2_5_bps": 0.5295376735664754,
        "downside_risk_2018_2019_2_5_bps": 0.008775264734601667,
        "sortino_ratio_2018_2019_2_5_bps": 0.7737357377379972,
        "max_drawdown_2018_2019_2_5_bps": 0.011941424152357358,
        "calmar_ratio_2018_2019_2_5_bps": 0.5636110364504339,
        "perc_pos_return_2018_2019_2_5_bps": 0.5423076923076923,
        "profit_loss_ratio_2018_2019_2_5_bps": 0.9238824315286701,
        "sharpe_ratio_2018_2_5_bps": 0.37334791975794446,
        "annual_return_2018_2019_3_0_bps": 0.0037012996198535486,
        "annual_volatility_2018_2019_3_0_bps": 0.012815960890526685,
        "sharpe_ratio_2018_2019_3_0_bps": 0.29465549729890356,
        "downside_risk_2018_2019_3_0_bps": 0.008871518171274842,
        "sortino_ratio_2018_2019_3_0_bps": 0.4256648362383711,
        "max_drawdown_2018_2019_3_0_bps": 0.013188087044351832,
        "calmar_ratio_2018_2019_3_0_bps": 0.28065477634519664,
        "perc_pos_return_2018_2019_3_0_bps": 0.5384615384615384,
        "profit_loss_ratio_2018_2019_3_0_bps": 0.9014363418870789,
        "sharpe_ratio_2018_3_0_bps": 0.1505803396724877
    },
    "COMB": {
        "annual_return_2018_2019": 0.022012490652407957,
        "annual_volatility_2018_2019": 0.012855207854460595,
        "sharpe_ratio_2018_2019": 1.700240805071713,
        "downside_risk_2018_2019": 0.008307912010588775,
        "sortino_ratio_2018_2019": 2.6308594655281263,
        "max_drawdown_2018_2019": 0.007662982285902662,
        "calmar_ratio_2018_2019": 2.872574910280507,
        "perc_pos_return_2018_2019": 0.573076923076923,
        "profit_loss_ratio_2018_2019": 0.9952793953121094,
        "sharpe_ratio_2018": 1.4841593228911736,
        "annual_return_2018_2019_0_5_bps": 0.018937687942766734,
        "annual_volatility_2018_2019_0_5_bps": 0.012848172982533174,
        "sharpe_ratio_2018_2019_0_5_bps": 1.4666292533372518,
        "downside_risk_2018_2019_0_5_bps": 0.00839948312462761,
        "sortino_ratio_2018_2019_0_5_bps": 2.2434126086723825,
        "max_drawdown_2018_2019_0_5_bps": 0.007959116211909237,
        "calmar_ratio_2018_2019_0_5_bps": 2.3793707038012895,
        "perc_pos_return_2018_2019_0_5_bps": 0.5538461538461539,
        "profit_loss_ratio_2018_2019_0_5_bps": 1.034340836077165,
        "sharpe_ratio_2018_0_5_bps": 1.26242716642591,
        "annual_return_2018_2019_1_0_bps": 0.01587209680509516,
        "annual_volatility_2018_2019_1_0_bps": 0.012841335183622057,
        "sharpe_ratio_2018_2019_1_0_bps": 1.2327428198119508,
        "downside_risk_2018_2019_1_0_bps": 0.008492013273566763,
        "sortino_ratio_2018_2019_1_0_bps": 1.8641119878702008,
        "max_drawdown_2018_2019_1_0_bps": 0.00844903038474524,
        "calmar_ratio_2018_2019_1_0_bps": 1.87857021247696,
        "perc_pos_return_2018_2019_1_0_bps": 0.5538461538461539,
        "profit_loss_ratio_2018_2019_1_0_bps": 0.9939888894905766,
        "sharpe_ratio_2018_1_0_bps": 1.0404720153362237,
        "annual_return_2018_2019_1_5_bps": 0.012815689760538485,
        "annual_volatility_2018_2019_1_5_bps": 0.012834694772704503,
        "sharpe_ratio_2018_2019_1_5_bps": 0.9985918144274006,
        "downside_risk_2018_2019_1_5_bps": 0.008585493905804945,
        "sortino_ratio_2018_2019_1_5_bps": 1.4928228103488734,
        "max_drawdown_2018_2019_1_5_bps": 0.009443419522420917,
        "calmar_ratio_2018_2019_1_5_bps": 1.357102660758743,
        "perc_pos_return_2018_2019_1_5_bps": 0.55,
        "profit_loss_ratio_2018_2019_1_5_bps": 0.9701284202282069,
        "sharpe_ratio_2018_1_5_bps": 0.8183017793602873,
        "annual_return_2018_2019_2_0_bps": 0.009768439411858898,
        "annual_volatility_2018_2019_2_0_bps": 0.012828252056308028,
        "sharpe_ratio_2018_2019_2_0_bps": 0.7641866166922211,
        "downside_risk_2018_2019_2_0_bps": 0.008679920109155139,
        "sortino_ratio_2018_2019_2_0_bps": 1.1294088440566596,
        "max_drawdown_2018_2019_2_0_bps": 0.010693202288238576,
        "calmar_ratio_2018_2019_2_0_bps": 0.9135186213210591,
        "perc_pos_return_2018_2019_2_0_bps": 0.55,
        "profit_loss_ratio_2018_2019_2_0_bps": 0.9321834317389701,
        "sharpe_ratio_2018_2_0_bps": 0.5959244141121328,
        "annual_return_2018_2019_2_5_bps": 0.006730318443204375,
        "annual_volatility_2018_2019_2_5_bps": 0.012822007332441291,
        "sharpe_ratio_2018_2019_2_5_bps": 0.5295376735664754,
        "downside_risk_2018_2019_2_5_bps": 0.008775264734601667,
        "sortino_ratio_2018_2019_2_5_bps": 0.7737357377379972,
        "max_drawdown_2018_2019_2_5_bps": 0.011941424152357358,