{
    "ALL": {
        "annual_return": 0.005678686928743201,
        "annual_volatility": 0.0132210146320616,
        "sharpe_ratio": 0.7164602451190876,
        "downside_risk": 0.009673200509145202,
        "sortino_ratio": 1.2204948697913047,
        "max_drawdown": 0.016106054681075198,
        "calmar_ratio": 1.4200890740905,
        "perc_pos_return": 0.5404726679145281,
        "profit_loss_ratio": 0.9546363338296977,
        "annual_return_0_5_bps": 0.0021522417331791997,
        "annual_volatility_0_5_bps": 0.013221055003673998,
        "sharpe_ratio_0_5_bps": 0.42966698952682203,
        "downside_risk_0_5_bps": 0.009776808968808202,
        "sortino_ratio_0_5_bps": 0.7800492704094435,
        "max_drawdown_0_5_bps": 0.017119767018751803,
        "calmar_ratio_0_5_bps": 0.9672143408414821,
        "perc_pos_return_0_5_bps": 0.5258036390594525,
        "profit_loss_ratio_0_5_bps": 0.9639854052209585,
        "annual_return_1_0_bps": -0.0013617572731610002,
        "annual_volatility_1_0_bps": 0.0132215360112266,
        "sharpe_ratio_1_0_bps": 0.14292244792924835,
        "downside_risk_1_0_bps": 0.0098820050781146,
        "sortino_ratio_1_0_bps": 0.352507452557077,
        "max_drawdown_1_0_bps": 0.018178690262184802,
        "calmar_ratio_1_0_bps": 0.5931367810461621,
        "perc_pos_return_1_0_bps": 0.518093465302767,
        "profit_loss_ratio_1_0_bps": 0.9403962247711984,
        "annual_return_1_5_bps": -0.0048633542692444005,
        "annual_volatility_1_5_bps": 0.0132224574300462,
        "sharpe_ratio_1_5_bps": -0.1437356778490014,
        "downside_risk_1_5_bps": 0.009988802327566201,
        "sortino_ratio_1_5_bps": -0.062472136997073414,
        "max_drawdown_1_5_bps": 0.019350748278527,
        "calmar_ratio_1_5_bps": 0.26617998872188964,
        "perc_pos_return_1_5_bps": 0.5065192716355504,
        "profit_loss_ratio_1_5_bps": 0.9361397269706618,
        "annual_return_2_0_bps": -0.008352593276467,
        "annual_volatility_2_0_bps": 0.013223818970872802,
        "sharpe_ratio_2_0_bps": -0.43026980910737417,
        "downside_risk_2_0_bps": 0.010097226358621,
        "sortino_ratio_2_0_bps": -0.46522375351058703,
        "max_drawdown_2_0_bps": 0.020606483065616604,
        "calmar_ratio_2_0_bps": -0.008466078880028972,
        "perc_pos_return_2_0_bps": 0.4964954885885116,
        "profit_loss_ratio_2_0_bps": 0.9243682713215383,
        "annual_return_2_5_bps": -0.011829518159216,
        "annual_volatility_2_5_bps": 0.013225620280154,
        "sharpe_ratio_2_5_bps": -0.7166425244801449,
        "downside_risk_2_5_bps": 0.0102073084075938,
        "sortino_ratio_2_5_bps": -0.8560638645295213,
        "max_drawdown_2_5_bps": 0.021890817266776202,
        "calmar_ratio_2_5_bps": -0.23706176052312142,
        "perc_pos_return_2_5_bps": 0.48570539872865426,
        "profit_loss_ratio_2_5_bps": 0.9139293015302064,
        "annual_return_3_0_bps": -0.015294172625429803,
        "annual_volatility_3_0_bps": 0.013227860940406403,
        "sharpe_ratio_3_0_bps": -1.0028165937539266,
        "downside_risk_3_0_bps": 0.010319056409534602,
        "sortino_ratio_3_0_bps": -1.2353044813160068,
        "max_drawdown_3_0_bps": 0.023421994564326004,
        "calmar_ratio_3_0_bps": -0.42626659021361746,
        "perc_pos_return_3_0_bps": 0.48029992425341206,
        "profit_loss_ratio_3_0_bps": 0.8863442880871542,
        "annual_return_rescaled": 0.07231638009584215,
        "annual_volatility_rescaled": 0.15000000000000688,
        "downside_risk_rescaled": 0.10974801229348743,
        "max_drawdown_rescaled": 0.16525135479095768,
        "annual_return_rescaled_0_5_bps": 0.030656640756521504,
        "annual_volatility_rescaled_0_5_bps": 0.1500000000000047,
        "downside_risk_rescaled_0_5_bps": 0.11092317102635181,
        "max_drawdown_rescaled_0_5_bps": 0.17485356438275912,
        "annual_return_rescaled_1_0_bps": -0.009373980866074771,
        "annual_volatility_rescaled_1_0_bps": 0.15000000000000183,
        "downside_risk_rescaled_1_0_bps": 0.11211259875241528,
        "max_drawdown_rescaled_1_0_bps": 0.18517466631801419,
        "annual_return_rescaled_1_5_bps": -0.047835819749111885,
        "annual_volatility_rescaled_1_5_bps": 0.1500000000000032,
        "downside_risk_rescaled_1_5_bps": 0.11331632996830684,
        "max_drawdown_rescaled_1_5_bps": 0.19624823316037993,
        "annual_return_rescaled_2_0_bps": -0.0847872672564169,
        "annual_volatility_rescaled_2_0_bps": 0.15000000000000208,
        "downside_risk_rescaled_2_0_bps": 0.1145345347761709,
        "max_drawdown_rescaled_2_0_bps": 0.20791729982699453,
        "annual_return_rescaled_2_5_bps": -0.12028481512337452,
        "annual_volatility_rescaled_2_5_bps": 0.1500000000000039,
        "downside_risk_rescaled_2_5_bps": 0.11576744445299528,
        "max_drawdown_rescaled_2_5_bps": 0.2195294857484665,
        "annual_return_rescaled_3_0_bps": -0.15438309952255366,
        "annual_volatility_rescaled_3_0_bps": 0.15000000000000474,
        "downside_risk_rescaled_3_0_bps": 0.11701502369911765,
        "max_drawdown_rescaled_3_0_bps": 0.23304110417948737,
        "sharpe_ratio_years": 0.6164254712823479,
        "sharpe_ratio_years_0_5_bps": 0.33443177779140065,
        "sharpe_ratio_years_1_0_bps": 0.05238525410687056,
        "sharpe_ratio_years_1_5_bps": -0.2296812304640179,
        "sharpe_ratio_years_2_0_bps": -0.5117347905232456,
        "sharpe_ratio_years_2_5_bps": -0.7937425508366734,
        "sharpe_ratio_years_3_0_bps": -1.075671672608743,
        "sharpe_ratio_years_std": 1.1546232742506914,
        "sharpe_ratio_years_std_0_5_bps": 1.1100527786802237,
        "sharpe_ratio_years_std_1_0_bps": 1.0693862570188324,
        "sharpe_ratio_years_std_1_5_bps": 1.0330874756264359,
        "sharpe_ratio_years_std_2_0_bps": 1.0016259079214866,
        "sharpe_ratio_years_std_2_5_bps": 0.9754556270181984,
        "sharpe_ratio_years_std_3_0_bps": 0.9549887454706799
    },
    "COMB": {
        "annual_return": 0.005678686928743201,
        "annual_volatility": 0.0132210146320616,
        "sharpe_ratio": 0.7164602451190876,
        "downside_risk": 0.009673200509145202,
        "sortino_ratio": 1.2204948697913047,
        "max_drawdown": 0.016106054681075198,
        "calmar_ratio": 1.4200890740905,
        "perc_pos_return": 0.5404726679145281,
        "profit_loss_ratio": 0.9546363338296977,
        "annual_return_0_5_bps": 0.0021522417331791997,
        "annual_volatility_0_5_bps": 0.013221055003673998,
        "sharpe_ratio_0_5_bps": 0.42966698952682203,
        "downside_risk_0_5_bps": 0.009776808968808202,
        "sortino_ratio_0_5_bps": 0.7800492704094435,
        "max_drawdown_0_5_bps": 0.017119767018751803,
        "calmar_ratio_0_5_bps": 0.9672143408414821,
        "perc_pos_return_0_5_bps": 0.5258036390594525,
        "profit_loss_ratio_0_5_bps": 0.9639854052209585,
        "annual_return_1_0_bps": -0.0013617572731610002,
        "annual_volatility_1_0_bps": 0.0132215360112266,
        "sharpe_ratio_1_0_bps": 0.14292244792924835,
        "downside_risk_1_0_bps": 0.0098820050781146,
        "sortino_ratio_1_0_bps": 0.352507452557077,
        "max_drawdown_1_0_bps": 0.018178690262184802,
        "calmar_ratio_1_0_bps": 0.5931367810461621,
        "perc_pos_return_1_0_bps": 0.518093465302767,
        "profit_loss_ratio_1_0_bps": 0.9403962247711984,
        "annual_return_1_5_bps": -0.0048633542692444005,
        "annual_volatility_1_5_bps": 0.0132224574300462,
        "sharpe_ratio_1_5_bps": -0.1437356778490014,
        "downside_risk_1_5_bps": 0.009988802327566201,
        "sortino_ratio_1_5_bps": -0.062472136997073414,
        "max_drawdown_1_5_bps": 0.019350748278527,
        "calmar_ratio_1_5_bps": 0.26617998872188964,
        "perc_pos_return_1_5_bps": 0.5065192716355504,
        "profit_loss_ratio_1_5_bps": 0.9361397269706618,
        "annual_return_2_0_bps": -0.008352593276467,
        "annual_volatility_2_0_bps": 0.013223818970872802,